{
    "dayData": [
        {
            "dateS": 1644883200,
            "volumeEth": 0.41967066888,
            "volumeUsd": 1308.9598000720596,
            "participationRate": 0.4261885048357988,
            "inflation": 219500,
            "activeTranscoderCount": 45,
            "delegatorsCount": 3520
        },
        {
            "dateS": 1644969600,
            "volumeEth": 0.47078376036,
            "volumeUsd": 1468.8738931609191,
            "feeDerivedMinutes": 130970.24601667577,
            "participationRate": 0.5410951639528754,
            "inflation": 220000,
            "activeTranscoderCount": 57,
            "delegatorsCount": 3520
        }
    ],
    "oneDayVolumeUSD": 571.7593847864746,
    "oneDayVolumeETH": 0.13733632,
    "oneWeekVolumeUSD": 18388.67535947703,
    "oneWeekVolumeETH": 4.167920668158665,
    "oneDayUsage": 87777.30503505064,
    "oneWeekUsage": 7753899.862346213,
    "dailyUsageChange": -81.65111841771204,
    "weeklyUsageChange": -2.7926293168850878,
    "weeklyVolumeChangeUSD": 10.68880779441153,
    "weeklyVolumeChangeETH": 8.06771936819354,
    "volumeChangeUSD": -65.7554601571517,
    "volumeChangeETH": -67.50055894667753,
    "participationRateChange": 0.0655650415087704,
    "inflationChange": 0.07183908045977011,
    "delegatorsCountChange": 0,
    "activeTranscoderCountChange": 0,
    "participationRate": 0.4916899137142857,
    "inflation": 696500,
    "activeTranscoderCount": 100,
    "delegatorsCount": 2658
}
